id,group,first_name,last_name,email,movein_date
1,Grandmarc,Vinny,Canet,vcanet0@slate.com,2026-05-30
2,Warehouse,Carita,,cvalentinetti1@arstechnica.com,2026-02-09
3,Dins,Lurline,De Mitri,ldemitri2@de.vu,2026-06-05
4,Greenhouse,Briney,Crathorne,bcrathorne3@dell.com,2026-01-15
5,Dins,Rosalinda,Daviddi,rdaviddi4@army.mil,2026-03-24
6,Warehouse,Ancell,Charlewood,acharlewood5@vk.com,2025-10-17
7,Warehouse,Sigfrid,Oxburgh,soxburgh6@dmoz.org,2026-03-18
8,Greenhouse,Alvy,Wigmore,awigmore7@ustream.tv,2026-08-07
9,Greenhouse,Griswold,Mosten,gmosten8@phpbb.com,2026-01-18
10,Greenhouse,Meridith,Ilyin,milyin9@vistaprint.com,2025-11-11
11,Dins,Myrna,Haslewood,mhaslewooda@hatena.ne.jp,2026-06-15
12,,Brier,Ekkel,bekkelb@newsvine.com,2025-08-30
13,Warehouse,Zsazsa,Ormesher,zormesherc@xrea.com,2026-03-27
14,Dins,Brannon,Oman,bomand@vimeo.com,2025-08-22
15,Dins,Padget,,pkalinskye@apple.com,2025-11-23
16,Dins,Lorne,Cash,,2026-07-01
17,Greenhouse,Iorgo,Gawkroge,igawkrogeg@miitbeian.gov.cn,2026-07-10
18,Dins,Fara,Cossom,fcossomh@boston.com,2025-09-29
19,Greenhouse,Amara,Meeks,ameeksi@purevolume.com,2025-12-21
20,Grandmarc,Kareem,Fawke,kfawkej@psu.edu,2026-08-18
21,Greenhouse,Bary,Danahar,bdanahark@lulu.com,2025-08-14
22,Dins,Artur,,,2026-05-13
23,Greenhouse,Woodman,Oxteby,woxtebym@digg.com,2025-10-10
24,Dins,Verena,Bricksey,vbrickseyn@reddit.com,2026-07-25
25,Grandmarc,Boot,Scurry,bscurryo@163.com,2026-04-18
26,Dins,Faith,Burrow,fburrowp@timesonline.co.uk,2026-04-30
27,Dins,Hewet,Joicey,hjoiceyq@amazon.com,2025-12-29
28,,Rurik,Wawer,rwawerr@theglobeandmail.com,2025-09-30
29,Warehouse,Roselin,,reades@wikia.com,2025-09-01
30,Dins,Sonia,Bodega,sbodegat@hubpages.com,2026-05-20
31,Grandmarc,Carlota,Haggleton,chaggletonu@google.it,2026-04-25
32,Greenhouse,Missie,Gwinnel,mgwinnelv@xinhuanet.com,2025-10-07
33,Grandmarc,Howey,Mosley,hmosleyw@cloudflare.com,2026-05-08
34,Greenhouse,Dimitri,Allibone,dallibonex@artisteer.com,2025-11-02
35,Greenhouse,Tiffi,Tabb,ttabby@livejournal.com,2026-03-02
36,Dins,Babette,Davage,bdavagez@1und1.de,2026-01-22
37,Dins,Courtnay,Reeves,creeves10@senate.gov,2026-04-03
38,Grandmarc,Wolf,Clewley,,2026-09-17
39,Grandmarc,Blayne,,bhowel12@uol.com.br,2025-09-28
40,Grandmarc,Randy,Jervis,rjervis13@so-net.ne.jp,2025-10-18
41,Greenhouse,Brenda,Elger,belger14@yale.edu,2026-04-11
42,,Waylen,Maunders,wmaunders15@jalbum.net,2026-07-11
43,Warehouse,Patricia,Crippin,pcrippin16@pinterest.com,2026-04-25
44,Greenhouse,Bennett,Thurske,bthurske17@mlb.com,2026-03-07
45,Warehouse,Peirce,Waliszek,pwaliszek18@ning.com,2025-11-13
46,Grandmarc,Ash,Elwyn,aelwyn19@ucoz.ru,2026-03-12
47,Warehouse,Joanie,Follan,jfollan1a@wikimedia.org,2026-02-22
48,Warehouse,Eadmund,Banker,ebanker1b@google.co.uk,2026-08-05
49,Greenhouse,Willi,McKennan,wmckennan1c@sina.com.cn,2025-10-20
50,Warehouse,Brunhilda,Ungerechts,bungerechts1d@examiner.com,2026-04-26
51,Dins,Egbert,Greetham,egreetham1e@over-blog.com,2026-01-10
52,Warehouse,Inez,Triggol,itriggol1f@cam.ac.uk,2026-03-25
53,Warehouse,Shae,Ainslee,sainslee1g@netvibes.com,2025-08-23
54,Warehouse,Micki,Sappy,msappy1h@harvard.edu,2026-09-06
55,Greenhouse,Kaylee,Wagen,kwagen1i@amazon.de,2026-07-14
56,Grandmarc,Jodee,Vinall,jvinall1j@ameblo.jp,2026-01-20
57,Dins,Alethea,Healeas,ahealeas1k@loc.gov,2025-09-02
58,Grandmarc,Gino,Campo,gcampo1l@walmart.com,2025-10-05
59,Grandmarc,Siegfried,Abyss,sabyss1m@taobao.com,2026-05-23
60,Greenhouse,Nathanael,Rabbatts,nrabbatts1n@home.pl,2025-11-25
61,Warehouse,Joyce,Otham,jotham1o@disqus.com,2026-05-18
62,Grandmarc,Rochella,Wyeld,,2025-11-16
63,Grandmarc,Bellanca,Wixey,bwixey1q@wordpress.com,2025-09-08
64,Dins,Cosetta,Baston,cbaston1r@yolasite.com,2025-12-26
65,Greenhouse,Alvina,Grishukhin,agrishukhin1s@wp.com,2026-02-16
66,Grandmarc,Aubine,Brian,abrian1t@biglobe.ne.jp,2025-10-02
67,Dins,Jarrod,Downer,jdowner1u@tamu.edu,2026-09-10
68,Greenhouse,Jeane,Brabyn,jbrabyn1v@t-online.de,2026-02-28
69,Warehouse,Eamon,Sullens,esullens1w@spiegel.de,2025-12-01
70,Greenhouse,Beverie,Smuth,bsmuth1x@guardian.co.uk,2026-04-25
71,Grandmarc,Quintilla,McNickle,qmcnickle1y@slashdot.org,2025-09-22
72,Warehouse,Dyanna,,drubinlicht1z@free.fr,2026-03-16
73,Grandmarc,Carlita,Shipcott,cshipcott20@bloglovin.com,2026-02-17
74,Greenhouse,Erminie,Bulled,ebulled21@shop-pro.jp,2026-08-29
75,Dins,Bernete,Avramovitz,bavramovitz22@disqus.com,2026-01-29
76,,Tamma,Giottoi,tgiottoi23@ow.ly,2026-02-23
77,Dins,Jocelyne,Jurca,jjurca24@tinypic.com,2025-09-24
78,Dins,Gayelord,O'Sheils,gosheils25@sina.com.cn,2026-03-07
79,Greenhouse,Sigfrid,Starkie,sstarkie26@usda.gov,2025-12-25
80,Dins,Nola,Camacke,,2025-10-28
81,Warehouse,Breena,Knapper,bknapper28@live.com,2026-09-19
82,Greenhouse,Ike,McKeggie,imckeggie29@multiply.com,2025-08-31
83,Dins,Lenka,Bermingham,lbermingham2a@drupal.org,2025-10-20
84,Grandmarc,Yurik,De la croix,ydelacroix2b@deviantart.com,2026-07-20
85,Warehouse,Roselia,Treend,rtreend2c@ihg.com,2026-03-11
86,Warehouse,Garner,,gtolossi2d@state.gov,2026-01-11
87,Greenhouse,Doria,Cleatherow,dcleatherow2e@meetup.com,2025-11-07
88,Greenhouse,Kerwinn,Chippendale,kchippendale2f@diigo.com,2026-02-05
89,Dins,Alejandro,Cason,acason2g@blogspot.com,2026-01-27
90,Grandmarc,Giusto,McAlpine,gmcalpine2h@psu.edu,2026-09-21
91,Grandmarc,Jessa,von Nassau,jvonnassau2i@stanford.edu,2025-12-24
92,Dins,Darrelle,Casarili,dcasarili2j@opensource.org,2026-07-07
93,Warehouse,Marika,Wansbury,,2026-09-12
94,,Muhammad,Skilling,,2026-08-29
95,Greenhouse,Briano,Ginley,bginley2m@smh.com.au,2025-11-03
96,Greenhouse,Agace,Gorey,agorey2n@state.gov,2025-12-08
97,,Agnese,Eynald,,2026-04-30
98,Grandmarc,Harrietta,Blyde,hblyde2p@csmonitor.com,2026-03-15
99,Warehouse,Lindie,MacArdle,lmacardle2q@ehow.com,2026-06-01
100,Greenhouse,Winnie,Latty,wlatty2r@ebay.com,2026-04-16
101,Grandmarc,Cherri,,,2026-09-06
102,,Ardenia,,aperott2t@disqus.com,2025-09-14
103,Grandmarc,Phillipp,Drayton,pdrayton2u@yelp.com,2025-10-25
104,Grandmarc,Hunt,Rubanenko,hrubanenko2v@redcross.org,2026-03-11
105,Dins,Minette,Debling,mdebling2w@ask.com,2026-06-21
106,Dins,Tulley,Chattey,tchattey2x@aboutads.info,2026-06-02
107,,Matty,Keeling,mkeeling2y@howstuffworks.com,2026-08-01
108,Dins,Philis,Wrightim,pwrightim2z@gmpg.org,2025-12-18
109,Greenhouse,Felizio,Livoir,flivoir30@pinterest.com,2025-11-04
110,,Isidor,Woodward,iwoodward31@purevolume.com,2025-12-24
111,Warehouse,Akim,McKie,amckie32@cocolog-nifty.com,2026-07-31
112,,Barn,Aynscombe,baynscombe33@myspace.com,2026-03-03
113,Grandmarc,Ody,Crisell,ocrisell34@nba.com,2026-07-21
114,Warehouse,Alfie,Edmundson,aedmundson35@usnews.com,2026-07-11
115,Grandmarc,Penelope,Collymore,pcollymore36@wikispaces.com,2026-08-21
116,Warehouse,Laraine,Kalkhoven,lkalkhoven37@blogs.com,2026-01-16
117,Warehouse,Myrna,Seathwright,mseathwright38@mapy.cz,2026-04-19
118,Grandmarc,Agace,Risborough,arisborough39@hugedomains.com,2026-04-06
119,Greenhouse,Nanette,Emlin,nemlin3a@google.ca,2026-01-11
120,Grandmarc,Kienan,Longmire,klongmire3b@usda.gov,2026-06-16
121,Warehouse,Rhoda,Labdon,rlabdon3c@taobao.com,2025-10-12
122,Greenhouse,Sheilakathryn,Agostini,sagostini3d@foxnews.com,2026-07-19
123,Warehouse,Ashlee,Eyre,aeyre3e@yellowpages.com,2026-02-12
124,Warehouse,Hyacinthia,Broker,hbroker3f@goo.ne.jp,2026-02-16
125,Grandmarc,Myles,South,msouth3g@123-reg.co.uk,2026-07-09
126,Greenhouse,Karole,Keeler,kkeeler3h@amazon.com,2026-04-09
127,Dins,Morgun,De la croix,mdelacroix3i@ucoz.com,2026-08-21
128,,Luigi,Freke,lfreke3j@ibm.com,2026-06-06
129,Dins,Rooney,Hannaby,rhannaby3k@goo.ne.jp,2026-02-27
130,Dins,Ramsey,Gathercoal,rgathercoal3l@is.gd,2025-09-22
131,Greenhouse,Dela,,dkelemen3m@edublogs.org,2025-10-17
132,Grandmarc,Adriena,Springett,aspringett3n@dion.ne.jp,2026-04-04
133,Grandmarc,Issiah,Rigate,irigate3o@mozilla.org,2026-05-30
134,Grandmarc,Correy,Hallwell,challwell3p@answers.com,2026-05-10
135,,Guntar,Newvell,gnewvell3q@cbc.ca,2026-06-09
136,Grandmarc,Winny,Riggeard,wriggeard3r@discovery.com,2026-06-03
137,Grandmarc,Juliane,Quinby,,2026-09-06
138,Warehouse,Cassius,Rittmeyer,crittmeyer3t@businesswire.com,2025-12-23
139,Greenhouse,Raimund,Aspy,raspy3u@businessinsider.com,2026-08-14
140,Grandmarc,Neysa,Simoes,,2026-08-26
141,,Gregorio,Brislawn,gbrislawn3w@reuters.com,2025-09-14
142,Warehouse,Willard,Raymont,wraymont3x@miibeian.gov.cn,2026-08-28
143,Greenhouse,Susette,Evamy,sevamy3y@ehow.com,2026-08-27
144,Greenhouse,Giselbert,Duffet,gduffet3z@issuu.com,2026-01-04
145,Greenhouse,Godfrey,Enser,genser40@nytimes.com,2025-12-08
146,Warehouse,Othilie,Gahan,ogahan41@home.pl,2026-07-16
147,Dins,Zsazsa,McCheyne,zmccheyne42@dion.ne.jp,2026-09-27
148,Warehouse,Shanon,Pregel,spregel43@nasa.gov,2026-09-25
149,Greenhouse,Cheslie,Caddies,ccaddies44@berkeley.edu,2026-07-03
150,Greenhouse,Cole,McQuorkel,cmcquorkel45@people.com.cn,2025-11-06
151,Warehouse,Matty,Klausewitz,mklausewitz46@latimes.com,2026-06-26
152,Warehouse,Lynnett,Gash,lgash47@godaddy.com,2026-03-05
153,Greenhouse,Jackie,Whitters,jwhitters48@timesonline.co.uk,2025-11-21
154,Dins,Jill,,jphelip49@blogger.com,2025-10-31
155,Grandmarc,Marnia,Tewkesbury,,2025-12-03
156,Grandmarc,Dene,Petrus,,2026-06-20
157,,Natassia,Darmody,ndarmody4c@mapy.cz,2026-06-01
158,Grandmarc,Hayes,Spillman,,2025-09-07
159,Dins,Boot,Figiovanni,bfigiovanni4e@ibm.com,2025-11-25
160,Warehouse,Jodie,Peniello,jpeniello4f@furl.net,2025-10-14
161,Greenhouse,Rickie,Ferrillio,rferrillio4g@census.gov,2026-04-14
162,Dins,Maryanna,Phettiplace,mphettiplace4h@hhs.gov,2026-07-19
163,Greenhouse,Clementina,Cameron,ccameron4i@mit.edu,2025-12-23
164,Grandmarc,Sarita,Bedham,sbedham4j@wisc.edu,2026-03-02
165,Dins,Hallie,Guerin,hguerin4k@people.com.cn,2026-08-31
166,Dins,Fredi,Fellgatt,ffellgatt4l@t-online.de,2026-01-09
167,,Lizabeth,Pottie,lpottie4m@taobao.com,2025-08-23
168,Grandmarc,Carmencita,Speedy,cspeedy4n@forbes.com,2026-08-16
169,Grandmarc,Nanine,Eccleston,neccleston4o@histats.com,2025-08-26
170,Warehouse,Leticia,Dodimead,ldodimead4p@alibaba.com,2025-09-10
171,Dins,Dominick,Turneux,dturneux4q@illinois.edu,2025-09-09
172,Dins,Clayton,Hewell,chewell4r@hugedomains.com,2026-03-13
173,Greenhouse,Arnaldo,Siccombe,asiccombe4s@gnu.org,2026-06-19
174,Dins,Evonne,Brolechan,ebrolechan4t@irs.gov,2026-02-04
175,,Marieann,MacInnes,mmacinnes4u@prweb.com,2026-05-13
176,,Andrey,Rosenstein,arosenstein4v@cdbaby.com,2025-09-09
177,Grandmarc,Johnette,MacAirt,jmacairt4w@ask.com,2025-10-26
178,Warehouse,Krisha,Hannigane,khannigane4x@alexa.com,2025-09-10
179,Greenhouse,Yoshiko,Buswell,,2025-10-02
180,Dins,Karilynn,Skentelbery,,2026-04-09
181,Grandmarc,Nettle,Brecknell,nbrecknell50@shinystat.com,2025-10-08
182,,Agace,Bogie,abogie51@chronoengine.com,2025-10-03
183,Dins,Rowena,,rrastrick52@examiner.com,2026-05-23
184,Dins,Karissa,O'Flaverty,koflaverty53@yandex.ru,2026-02-16
185,Greenhouse,Charlena,Diem,cdiem54@china.com.cn,2026-07-20
186,Dins,Friedrick,Klicher,fklicher55@hibu.com,2026-02-28
187,Warehouse,Gwendolyn,Geockle,ggeockle56@senate.gov,2025-08-27
188,Warehouse,Adriana,Fairholme,,2026-05-03
189,Dins,Riki,Siddall,rsiddall58@thetimes.co.uk,2026-06-08
190,Dins,Corilla,Portingale,cportingale59@gizmodo.com,2026-06-10
191,Grandmarc,Jarrad,Ksandra,jksandra5a@lycos.com,2026-08-22
192,Warehouse,Charlotta,Firth,cfirth5b@google.it,2025-09-27
193,Warehouse,Gris,Cicchitello,gcicchitello5c@typepad.com,2026-09-12
194,Warehouse,Adrea,Drysdell,adrysdell5d@sogou.com,2026-02-20
195,Greenhouse,Quincy,Valintine,qvalintine5e@mashable.com,2026-01-04
196,Grandmarc,Rudiger,Moreby,rmoreby5f@elegantthemes.com,2025-09-01
197,Greenhouse,Nikolia,Byles,nbyles5g@state.gov,2026-02-13
198,Dins,Cullen,Mauvin,cmauvin5h@behance.net,2025-09-25
199,Greenhouse,Faythe,Colleymore,fcolleymore5i@globo.com,2026-09-01
200,Greenhouse,Jodie,Shellshear,jshellshear5j@exblog.jp,2026-05-10
